Workbook

Sheet Raw Data
A1: Order_id | B1: User_ID | C1: City | D1: Order_Date | E1: Order_Status | F1: Order_Value | G1: Is_Repeat_User
A2: O1001 | B2: U001 | C2: Delhi | D2: 45658 | E2: Placed | F2: 350 | G2: No
A3: O1002 | B3: U002 | C3: Mumbai | D3: 45658 | E3: Delivered | F3: 500 | G3: No
A4: O1003 | B4: U001 | C4: Delhi | D4: 45662 | E4: Delivered | F4: 420 | G4: Yes
A5: O1004 | B5: U003 | C5: Bangalore | D5: 45663 | E5: Cancelled | F5: 280 | G5: No
A6: O1005 | B6: U004 | C6: Pune | D6: 45664 | E6: Delivered | F6: 600 | G6: No
A7: O1006 | B7: U005 | C7: Hyderabad | D7: 45665 | E7: Delivered | F7: 450 | G7: No
A8: O1007 | B8: U006 | C8: Chennai | D8: 45665 | E8: Placed | F8: 390 | G8: No
A9: O1008 | B9: U002 | C9: Mumbai | D9: 45666 | E9: Delivered | F9: 520 | G9: Yes
A10: O1009 | B10: U007 | C10: Delhi | D10: 45667 | E10: Cancelled | F10: 310 | G10: No
A11: O1010 | B11: U008 | C11: Bangalore | D11: 45667 | E11: Delivered | F11: 480 | G11: No
A12: O1011 | B12: U009 | C12: Pune | D12: 45668 | E12: Delivered | F12: 650 | G12: No
A13: O1012 | B13: U001 | C13: Delhi | D13: 45669 | E13: Delivered | F13: 370 | G13: Yes
... A150: O1149 | B150: U097 | C150: Bangalore | D150: 45741 | E150: Placed | F150: 360 | G150: No

Sheet Clean Data
A1: Order_id | B1: User_ID | C1: City | D1: Order_Date | E1: Order_Status | F1: Order_Value | G1: Is_Repeat_User
A2: O1001 | B2: U001 | C2: Delhi | D2: 45658 | E2: Placed | F2: 350 | G2: No
A3: O1002 | B3: U002 | C3: Mumbai | D3: 45658 | E3: Delivered | F3: 500 | G3: No
A4: O1003 | B4: U001 | C4: Delhi | D4: 45662 | E4: Delivered | F4: 420 | G4: Yes
A5: O1004 | B5: U003 | C5: Bangalore | D5: 45663 | E5: Cancelled | F5: 280 | G5: No
A6: O1005 | B6: U004 | C6: Pune | D6: 45664 | E6: Delivered | F6: 600 | G6: No
A7: O1006 | B7: U005 | C7: Hyderabad | D7: 45665 | E7: Delivered | F7: 450 | G7: No
A8: O1007 | B8: U006 | C8: Chennai | D8: 45665 | E8: Placed | F8: 390 | G8: No
A9: O1008 | B9: U002 | C9: Mumbai | D9: 45666 | E9: Delivered | F9: 520 | G9: Yes
A10: O1009 | B10: U007 | C10: Delhi | D10: 45667 | E10: Cancelled | F10: 310 | G10: No
A11: O1010 | B11: U008 | C11: Bangalore | D11: 45667 | E11: Delivered | F11: 480 | G11: No
A12: O1011 | B12: U009 | C12: Pune | D12: 45668 | E12: Delivered | F12: 650 | G12: No
A13: O1012 | B13: U001 | C13: Delhi | D13: 45669 | E13: Delivered | F13: 370 | G13: Yes
... A150: O1149 | B150: U097 | C150: Bangalore | D150: 45741 | E150: Placed | F150: 360 | G150: No

Sheet Metrics
A1: Metric | B1: Value
A2: Total Orders | B2: =COUNTA([1]Clean_Data!A:A)-1 -> 1048575
A3: Delivered Orders | B3: =COUNTIF('Raw Data'!E:E,"Delivered") -> 103
A4: Cancelled Orders | B4: =COUNTIF('Raw Data'!E:E,"Cancelled") -> 22
A5: Placed Only Orders | B5: =COUNTIF('Raw Data'!E:E,"Placed") -> 24
A6: Total Revenue | B6: =SUMIF('Raw Data'!E:E,"Delivered",'Raw Data'!F:F) -> 51925
A7: Average Order Value | B7: =B6/B3 -> 504.12621

Sheet Funnel_Analysis
A1: Funnel Stage | B1: Order Count | C1: Conversion %
A2: Placed | B2: =COUNTIF('Raw Data'!E:E,"Placed") -> 24
A3: Delivered | B3: =COUNTIF('Raw Data'!E:E,"Delivered") -> 103 | C3: =B3/B2 -> 4.2916667
A4: Cancelled | B4: =COUNTIF('Raw Data'!E:E,"Cancelled") -> 22 | C4: =B4/B2 -> 0.91666667

Sheet Retention_Analysis
A1: User Type | B1: Order Count | C1: % of Orders
A2: First-time Users | B2: =COUNTIF('Raw Data'!G:G,"No") -> 104 | C2: =B2/(B2+B3) -> 0.69798658
A3: Repeat Users | B3: =COUNTIF('Raw Data'!G:G,"Yes") -> 45 | C3: =B3/(B2+B3) -> 0.30201342

Sheet City_Analysis
A1: City | B1: Total Orders | C1: Delivered Orders | D1: Revenue
A2: Delhi | B2: =COUNTIF('Raw Data'!C:C,A2) -> 31 | C2: =COUNTIFS('Raw Data'!C:C,A2,'Raw Data'!E:E,"Delivered") -> 21 | D2: =SUMIFS('Raw Data'!F:F,'Raw Data'!C:C,A2,'Raw Data'!E:E,"Delivered") -> 8825
A3: Mumbai | B3: =COUNTIF('Raw Data'!C:C,A3) -> 29 | C3: =COUNTIFS('Raw Data'!C:C,A3,'Raw Data'!E:E,"Delivered") -> 25 | D3: =SUMIFS('Raw Data'!F:F,'Raw Data'!C:C,A3,'Raw Data'!E:E,"Delivered") -> 13710
A4: Bangalore | B4: =COUNTIF('Raw Data'!C:C,A4) -> 22 | C4: =COUNTIFS('Raw Data'!C:C,A4,'Raw Data'!E:E,"Delivered") -> 7 | D4: =SUMIFS('Raw Data'!F:F,'Raw Data'!C:C,A4,'Raw Data'!E:E,"Delivered") -> 4030
A5: Pune | B5: =COUNTIF('Raw Data'!C:C,A5) -> 21 | C5: =COUNTIFS('Raw Data'!C:C,A5,'Raw Data'!E:E,"Delivered") -> 16 | D5: =SUMIFS('Raw Data'!F:F,'Raw Data'!C:C,A5,'Raw Data'!E:E,"Delivered") -> 9455
A6: Indore | B6: =COUNTIF('Raw Data'!C:C,A6) -> 0 | C6: =COUNTIFS('Raw Data'!C:C,A6,'Raw Data'!E:E,"Delivered") -> 0 | D6: =SUMIFS('Raw Data'!F:F,'Raw Data'!C:C,A6,'Raw Data'!E:E,"Delivered") -> 0
